{
  "Name": "librus-extractor-Zofia",
  "CreationDate": "2026-1-22",
  "Commands": [
    {
      "Command": "open",
      "Target": "https://portal.librus.pl/rodzina",
      "Value": "",
      "Description": ""
    },
    {
      "Command": "click",
      "Target": "linkText=LIBRUS Synergia",
      "Value": "",
      "Targets": [
        "linkText=LIBRUS Synergia",
        "xpath=/html/body/nav/div/div/div/div[2]/a[3]",
        "xpath=//a[3]",
        "css=body > nav > div > div.navbar__left > div > div.navbar-small-menu > a.btn.btn-third.btn-synergia-top.btn-navbar.dropdown-toggle"
      ],
      "Description": ""
    },
    {
      "Command": "clickAndWait",
      "Target": "linkText=Zaloguj",
      "Value": "",
      "Targets": [
        "linkText=Zaloguj",
        "xpath=/html/body/nav/div/div/div/div[2]/div/a[2]",
        "xpath=//div[2]/div/a[2]",
        "css=body > nav > div > div.navbar__left > div > div.navbar-small-menu.show > div > a:nth-child(2)"
      ],
      "Description": ""
    },
    {
      "Command": "selectFrame",
      "Target": "index=0",
      "Value": "",
      "Description": ""
    },
    {
      "Command": "click",
      "Target": "id=Login",
      "Value": "",
      "Targets": [
        "id=Login",
        "name=Login",
        "xpath=//*[@id=\"Login\"]",
        "xpath=//input[@id='Login']",
        "xpath=//input",
        "css=#Login"
      ],
      "Description": ""
    },
    {
      "Command": "type",
      "Target": "id=Login",
      "Value": "4753393",
      "Targets": [
        "id=Login",
        "name=Login",
        "xpath=//*[@id=\"Login\"]",
        "xpath=//input[@id='Login']",
        "xpath=//input",
        "css=#Login"
      ],
      "Description": ""
    },
    {
      "Command": "type",
      "Target": "id=Pass",
      "Value": "Zosia0906!",
      "Targets": [
        "id=Pass",
        "name=Pass",
        "xpath=//*[@id=\"Pass\"]",
        "xpath=//input[@id='Pass']",
        "xpath=//div[2]/div/input",
        "css=#Pass"
      ],
      "Description": ""
    },
    {
      "Command": "clickAndWait",
      "Target": "id=LoginBtn",
      "Value": "",
      "Targets": [
        "id=LoginBtn",
        "xpath=//*[@id=\"LoginBtn\"]",
        "xpath=//button[@id='LoginBtn']",
        "xpath=//main/div/div/div/div[2]/button",
        "css=#LoginBtn"
      ],
      "Description": ""
    },
    {
      "Command": "comment",
      "Target": "clickAndWait // id=SkipBtn",
      "Value": "",
      "Description": ""
    },
    {
      "Command": "selectFrame",
      "Target": "relative=top",
      "Value": "",
      "Description": ""
    },
    {
      "Command": "clickAndWait",
      "Target": "xpath=//*[@id=\"icon-oceny\"]/span",
      "Value": "",
      "Targets": [
        "xpath=//*[@id=\"icon-oceny\"]/span",
        "xpath=//li[2]/a/span",
        "css=#icon-oceny > span"
      ],
      "Description": ""
    },
    {
      "Command": "click",
      "Target": "xpath=//*[@id=\"body\"]/form/div/span/a/span",
      "Value": "",
      "Targets": [
        "xpath=//*[@id=\"body\"]/form/div/span/a/span",
        "xpath=//span/a/span",
        "css=#body > form:nth-child(6) > div > span:nth-child(2) > a > span.fold-start"
      ],
      "Description": ""
    },
    {
      "Command": "XClick",
      "Target": "6adrcq_dpi_96.png",
      "Value": "",
      "Description": ""
    },
    {
      "Command": "XType",
      "Target": "${KEY_ENTER}",
      "Value": "",
      "Description": ""
    },
    {
      "Command": "XType",
      "Target": "Zofia_oceny",
      "Value": "",
      "Description": ""
    },
    {
      "Command": "XType",
      "Target": "${KEY_ENTER}",
      "Value": "",
      "Description": ""
    },
    {
      "Command": "XType",
      "Target": "${KEY_ENTER}",
      "Value": "",
      "Description": ""
    },
    {
      "Command": "XType",
      "Target": "${KEY_ESC}",
      "Value": "",
      "Description": ""
    },
    {
      "Command": "comment",
      "Target": "XType // ${KEY_CTRL+KEY_W}",
      "Value": "",
      "Description": ""
    }
  ]
}